Result Number,Local Granule ID,Entity ID,Acquisition Start Date,Acquisition End Date,Horizontal Tile Number,Vertical Tile Number,Day/Night Indicator,Version Number,Product Generation Algorithm,Auto Quality Flag,Auto Quality Flag Explanation,Science Quality Flag,Science Quality Flag Expln,Missing Data Percentage,Date Entered,Date Updated,Center Latitude,Center Longitude,NW Corner Lat,NW Corner Long,NE Corner Lat,NE Corner Long,SE Corner Lat,SE Corner Long,SW Corner Lat,SW Corner Long,Center Latitude dec,Center Longitude dec,NW Corner Lat dec,NW Corner Long dec,NE Corner Lat dec,NE Corner Long dec,SE Corner Lat dec,SE Corner Long dec,SW Corner Lat dec,SW Corner Long dec,Display ID,Ordering ID,Browse Link
1,MYD13A1.A2016345.h11v05.005.2016362010425.hdf,2245157290,2016/12/10,2016/12/25,11,5,Day,5,5.2.20,Passed,No automatic quality assessment is performed in the PGE,Not Investigated,See http://landweb.nascom.nasa.gov/cgi-bin/QA_WWW/qaFlagPage.cgi?sat=aqua for the product Science Quality status.,0,2016/12/27,,35°03'08.28"N,79°55'26.04"W,40°00'00.00"N,91°22'42.60"W,40°03'14.40"N,78°06'38.16"W,29°53'31.20"N,69°02'12.48"W,29°50'45.24"N,80°45'56.88"W,35.0523,-79.9239,40,-91.3785,40.054,-78.1106,29.892,-69.0368,29.8459,-80.7658,MYD13A1.A2016345.h11v05.005,2245157290,https://earthexplorer.usgs.gov/browse/4318/2245157290
2,MYD13A1.A2016345.h12v05.005.2016362010951.hdf,2245157766,2016/12/10,2016/12/25,12,5,Day,5,5.2.20,Passed,No automatic quality assessment is performed in the PGE,Not Investigated,See http://landweb.nascom.nasa.gov/cgi-bin/QA_WWW/qaFlagPage.cgi?sat=aqua for the product Science Quality status.,0,2016/12/27,,35°03'01.08"N,67°37'00.84"W,40°00'00.00"N,78°19'27.84"W,40°02'40.92"N,65°03'48.60"W,29°53'17.88"N,57°30'30.96"W,29°51'02.16"N,69°13'46.20"W,35.0503,-67.6169,40,-78.3244,40.0447,-65.0635,29.8883,-57.5086,29.8506,-69.2295,MYD13A1.A2016345.h12v05.005,2245157766,https://earthexplorer.usgs.gov/browse/4318/2245157766
3,MYD13A1.A2016329.h11v05.005.2016350105816.hdf,2244854589,2016/11/24,2016/12/09,11,5,Day,5,5.2.20,Passed,No automatic quality assessment is performed in the PGE,Inferred Passed,http://landweb.nascom.nasa.gov/cgi-bin/QA_WWW/detailInfo.cgi?prod_id=MYD13A1&ver=C5.2016-12-16 02:12,0,2016/12/15,2016/12/16,35°03'08.28"N,79°55'26.04"W,40°00'00.00"N,91°22'42.60"W,40°03'14.40"N,78°06'38.16"W,29°53'31.20"N,69°02'12.48"W,29°50'45.24"N,80°45'56.88"W,35.0523,-79.9239,40,-91.3785,40.054,-78.1106,29.892,-69.0368,29.8459,-80.7658,MYD13A1.A2016329.h11v05.005,2244854589,https://earthexplorer.usgs.gov/browse/4318/2244854589
4,MYD13A1.A2016329.h12v05.005.2016350104936.hdf,2244853286,2016/11/24,2016/12/09,12,5,Day,5,5.2.20,Passed,No automatic quality assessment is performed in the PGE,Inferred Passed,http://landweb.nascom.nasa.gov/cgi-bin/QA_WWW/detailInfo.cgi?prod_id=MYD13A1&ver=C5.2016-12-16 02:12,0,2016/12/15,2016/12/16,35°03'01.08"N,67°37'00.84"W,40°00'00.00"N,78°19'27.84"W,40°02'40.92"N,65°03'48.60"W,29°53'17.88"N,57°30'30.96"W,29°51'02.16"N,69°13'46.20"W,35.0503,-67.6169,40,-78.3244,40.0447,-65.0635,29.8883,-57.5086,29.8506,-69.2295,MYD13A1.A2016329.h12v05.005,2244853286,https://earthexplorer.usgs.gov/browse/4318/2244853286
5,MYD13A1.A2016313.h11v05.005.2016336102404.hdf,2244369509,2016/11/08,2016/11/23,11,5,Day,5,5.2.20,Passed,No automatic quality assessment is performed in the PGE,Inferred Passed,http://landweb.nascom.nasa.gov/cgi-bin/QA_WWW/detailInfo.cgi?prod_id=MYD13A1&ver=C5.2016-12-02 02:12,0,2016/12/01,2016/12/02,35°03'08.28"N,79°55'26.04"W,40°00'00.00"N,91°22'42.60"W,40°03'14.40"N,78°06'38.16"W,29°53'31.20"N,69°02'12.48"W,29°50'45.24"N,80°45'56.88"W,35.0523,-79.9239,40,-91.3785,40.054,-78.1106,29.892,-69.0368,29.8459,-80.7658,MYD13A1.A2016313.h11v05.005,2244369509,https://earthexplorer.usgs.gov/browse/4318/2244369509
6,MYD13A1.A2016313.h12v05.005.2016336100428.hdf,2244368401,2016/11/08,2016/11/23,12,5,Day,5,5.2.20,Passed,No automatic quality assessment is performed in the PGE,Inferred Passed,http://landweb.nascom.nasa.gov/cgi-bin/QA_WWW/detailInfo.cgi?prod_id=MYD13A1&ver=C5.2016-12-02 02:12,0,2016/12/01,2016/12/02,35°03'01.08"N,67°37'00.84"W,40°00'00.00"N,78°19'27.84"W,40°02'40.92"N,65°03'48.60"W,29°53'17.88"N,57°30'30.96"W,29°51'02.16"N,69°13'46.20"W,35.0503,-67.6169,40,-78.3244,40.0447,-65.0635,29.8883,-57.5086,29.8506,-69.2295,MYD13A1.A2016313.h12v05.005,2244368401,https://earthexplorer.usgs.gov/browse/4318/2244368401
7,MYD13A1.A2016297.h12v05.005.2016314013041.hdf,2243820691,2016/10/23,2016/11/07,12,5,Day,5,5.2.20,Passed,No automatic quality assessment is performed in the PGE,Inferred Passed,http://landweb.nascom.nasa.gov/cgi-bin/QA_WWW/detailInfo.cgi?prod_id=MYD13A1&ver=C5.2016-11-10 02:10,0,2016/11/09,2016/11/10,35°03'01.08"N,67°37'00.84"W,40°00'00.00"N,78°19'27.84"W,40°02'40.92"N,65°03'48.60"W,29°53'17.88"N,57°30'30.96"W,29°51'02.16"N,69°13'46.20"W,35.0503,-67.6169,40,-78.3244,40.0447,-65.0635,29.8883,-57.5086,29.8506,-69.2295,MYD13A1.A2016297.h12v05.005,2243820691,https://earthexplorer.usgs.gov/browse/4318/2243820691
8,MYD13A1.A2016297.h11v05.005.2016314011656.hdf,2243819494,2016/10/23,2016/11/07,11,5,Day,5,5.2.20,Passed,No automatic quality assessment is performed in the PGE,Inferred Passed,http://landweb.nascom.nasa.gov/cgi-bin/QA_WWW/detailInfo.cgi?prod_id=MYD13A1&ver=C5.2016-11-10 02:10,0,2016/11/09,2016/11/10,35°03'08.28"N,79°55'26.04"W,40°00'00.00"N,91°22'42.60"W,40°03'14.40"N,78°06'38.16"W,29°53'31.20"N,69°02'12.48"W,29°50'45.24"N,80°45'56.88"W,35.0523,-79.9239,40,-91.3785,40.054,-78.1106,29.892,-69.0368,29.8459,-80.7658,MYD13A1.A2016297.h11v05.005,2243819494,https://earthexplorer.usgs.gov/browse/4318/2243819494
9,MYD13A1.A2016281.h12v05.005.2016301142022.hdf,2243436106,2016/10/07,2016/10/22,12,5,Day,5,5.2.20,Passed,No automatic quality assessment is performed in the PGE,Inferred Passed,http://landweb.nascom.nasa.gov/cgi-bin/QA_WWW/detailInfo.cgi?prod_id=MYD13A1&ver=C5.2016-10-28 02:11,0,2016/10/27,2016/10/28,35°03'01.08"N,67°37'00.84"W,40°00'00.00"N,78°19'27.84"W,40°02'40.92"N,65°03'48.60"W,29°53'17.88"N,57°30'30.96"W,29°51'02.16"N,69°13'46.20"W,35.0503,-67.6169,40,-78.3244,40.0447,-65.0635,29.8883,-57.5086,29.8506,-69.2295,MYD13A1.A2016281.h12v05.005,2243436106,https://earthexplorer.usgs.gov/browse/4318/2243436106
10,MYD13A1.A2016281.h11v05.005.2016301140956.hdf,2243435535,2016/10/07,2016/10/22,11,5,Day,5,5.2.20,Passed,No automatic quality assessment is performed in the PGE,Inferred Passed,http://landweb.nascom.nasa.gov/cgi-bin/QA_WWW/detailInfo.cgi?prod_id=MYD13A1&ver=C5.2016-10-28 02:11,0,2016/10/27,2016/10/28,35°03'08.28"N,79°55'26.04"W,40°00'00.00"N,91°22'42.60"W,40°03'14.40"N,78°06'38.16"W,29°53'31.20"N,69°02'12.48"W,29°50'45.24"N,80°45'56.88"W,35.0523,-79.9239,40,-91.3785,40.054,-78.1106,29.892,-69.0368,29.8459,-80.7658,MYD13A1.A2016281.h11v05.005,2243435535,https://earthexplorer.usgs.gov/browse/4318/2243435535
11,MYD13A1.A2016265.h11v05.005.2016282022729.hdf,2242946550,2016/09/21,2016/10/06,11,5,Day,5,5.2.20,Passed,No automatic quality assessment is performed in the PGE,Inferred Passed,http://landweb.nascom.nasa.gov/cgi-bin/QA_WWW/detailInfo.cgi?prod_id=MYD13A1&ver=C5.2016-10-09 02:10,0,2016/10/08,2016/10/09,35°03'08.28"N,79°55'26.04"W,40°00'00.00"N,91°22'42.60"W,40°03'14.40"N,78°06'38.16"W,29°53'31.20"N,69°02'12.48"W,29°50'45.24"N,80°45'56.88"W,35.0523,-79.9239,40,-91.3785,40.054,-78.1106,29.892,-69.0368,29.8459,-80.7658,MYD13A1.A2016265.h11v05.005,2242946550,https://earthexplorer.usgs.gov/browse/4318/2242946550
12,MYD13A1.A2016265.h12v05.005.2016282023529.hdf,2242947421,2016/09/21,2016/10/06,12,5,Day,5,5.2.20,Passed,No automatic quality assessment is performed in the PGE,Inferred Passed,http://landweb.nascom.nasa.gov/cgi-bin/QA_WWW/detailInfo.cgi?prod_id=MYD13A1&ver=C5.2016-10-09 02:10,0,2016/10/08,2016/10/09,35°03'01.08"N,67°37'00.84"W,40°00'00.00"N,78°19'27.84"W,40°02'40.92"N,65°03'48.60"W,29°53'17.88"N,57°30'30.96"W,29°51'02.16"N,69°13'46.20"W,35.0503,-67.6169,40,-78.3244,40.0447,-65.0635,29.8883,-57.5086,29.8506,-69.2295,MYD13A1.A2016265.h12v05.005,2242947421,https://earthexplorer.usgs.gov/browse/4318/2242947421
13,MYD13A1.A2016249.h11v05.005.2016266023853.hdf,2242457489,2016/09/05,2016/09/20,11,5,Day,5,5.2.20,Passed,No automatic quality assessment is performed in the PGE,Inferred Passed,http://landweb.nascom.nasa.gov/cgi-bin/QA_WWW/detailInfo.cgi?prod_id=MYD13A1&ver=C5.2016-09-23 02:10,0,2016/09/22,2016/09/23,35°03'08.28"N,79°55'26.04"W,40°00'00.00"N,91°22'42.60"W,40°03'14.40"N,78°06'38.16"W,29°53'31.20"N,69°02'12.48"W,29°50'45.24"N,80°45'56.88"W,35.0523,-79.9239,40,-91.3785,40.054,-78.1106,29.892,-69.0368,29.8459,-80.7658,MYD13A1.A2016249.h11v05.005,2242457489,https://earthexplorer.usgs.gov/browse/4318/2242457489
14,MYD13A1.A2016249.h12v05.005.2016266025113.hdf,2242458205,2016/09/05,2016/09/20,12,5,Day,5,5.2.20,Passed,No automatic quality assessment is performed in the PGE,Inferred Passed,http://landweb.nascom.nasa.gov/cgi-bin/QA_WWW/detailInfo.cgi?prod_id=MYD13A1&ver=C5.2016-09-23 02:10,0,2016/09/22,2016/09/23,35°03'01.08"N,67°37'00.84"W,40°00'00.00"N,78°19'27.84"W,40°02'40.92"N,65°03'48.60"W,29°53'17.88"N,57°30'30.96"W,29°51'02.16"N,69°13'46.20"W,35.0503,-67.6169,40,-78.3244,40.0447,-65.0635,29.8883,-57.5086,29.8506,-69.2295,MYD13A1.A2016249.h12v05.005,2242458205,https://earthexplorer.usgs.gov/browse/4318/2242458205
15,MYD13A1.A2016233.h11v05.005.2016250024321.hdf,2241971777,2016/08/20,2016/09/04,11,5,Day,5,5.2.20,Passed,No automatic quality assessment is performed in the PGE,Inferred Passed,http://landweb.nascom.nasa.gov/cgi-bin/QA_WWW/detailInfo.cgi?prod_id=MYD13A1&ver=C5.2016-09-07 02:10,0,2016/09/06,2016/09/07,35°03'08.28"N,79°55'26.04"W,40°00'00.00"N,91°22'42.60"W,40°03'14.40"N,78°06'38.16"W,29°53'31.20"N,69°02'12.48"W,29°50'45.24"N,80°45'56.88"W,35.0523,-79.9239,40,-91.3785,40.054,-78.1106,29.892,-69.0368,29.8459,-80.7658,MYD13A1.A2016233.h11v05.005,2241971777,https://earthexplorer.usgs.gov/browse/4318/2241971777
16,MYD13A1.A2016233.h12v05.005.2016250022008.hdf,2241969921,2016/08/20,2016/09/04,12,5,Day,5,5.2.20,Passed,No automatic quality assessment is performed in the PGE,Inferred Passed,http://landweb.nascom.nasa.gov/cgi-bin/QA_WWW/detailInfo.cgi?prod_id=MYD13A1&ver=C5.2016-09-07 02:10,0,2016/09/06,2016/09/07,35°03'01.08"N,67°37'00.84"W,40°00'00.00"N,78°19'27.84"W,40°02'40.92"N,65°03'48.60"W,29°53'17.88"N,57°30'30.96"W,29°51'02.16"N,69°13'46.20"W,35.0503,-67.6169,40,-78.3244,40.0447,-65.0635,29.8883,-57.5086,29.8506,-69.2295,MYD13A1.A2016233.h12v05.005,2241969921,https://earthexplorer.usgs.gov/browse/4318/2241969921
17,MYD13A1.A2016217.h12v05.005.2016236225122.hdf,2240741164,2016/08/04,2016/08/19,12,5,Day,5,5.2.20,Passed,No automatic quality assessment is performed in the PGE,Inferred Passed,http://landweb.nascom.nasa.gov/cgi-bin/QA_WWW/detailInfo.cgi?prod_id=MYD13A1&ver=C5.2016-08-24 02:12,0,2016/08/24,,35°03'01.08"N,67°37'00.84"W,40°00'00.00"N,78°19'27.84"W,40°02'40.92"N,65°03'48.60"W,29°53'17.88"N,57°30'30.96"W,29°51'02.16"N,69°13'46.20"W,35.0503,-67.6169,40,-78.3244,40.0447,-65.0635,29.8883,-57.5086,29.8506,-69.2295,MYD13A1.A2016217.h12v05.005,2240741164,https://earthexplorer.usgs.gov/browse/4318/2240741164
18,MYD13A1.A2016217.h11v05.005.2016236233220.hdf,2240754840,2016/08/04,2016/08/19,11,5,Day,5,5.2.20,Passed,No automatic quality assessment is performed in the PGE,Inferred Passed,http://landweb.nascom.nasa.gov/cgi-bin/QA_WWW/detailInfo.cgi?prod_id=MYD13A1&ver=C5.2016-08-24 02:13,0,2016/08/24,,35°03'08.28"N,79°55'26.04"W,40°00'00.00"N,91°22'42.60"W,40°03'14.40"N,78°06'38.16"W,29°53'31.20"N,69°02'12.48"W,29°50'45.24"N,80°45'56.88"W,35.0523,-79.9239,40,-91.3785,40.054,-78.1106,29.892,-69.0368,29.8459,-80.7658,MYD13A1.A2016217.h11v05.005,2240754840,https://earthexplorer.usgs.gov/browse/4318/2240754840
19,MYD13A1.A2016201.h12v05.005.2016218030505.hdf,2238293156,2016/07/19,2016/08/03,12,5,Day,5,5.2.20,Passed,No automatic quality assessment is performed in the PGE,Inferred Passed,http://landweb.nascom.nasa.gov/cgi-bin/QA_WWW/detailInfo.cgi?prod_id=MYD13A1&ver=C5.2016-08-06 02:10,0,2016/08/05,2016/08/06,35°03'01.08"N,67°37'00.84"W,40°00'00.00"N,78°19'27.84"W,40°02'40.92"N,65°03'48.60"W,29°53'17.88"N,57°30'30.96"W,29°51'02.16"N,69°13'46.20"W,35.0503,-67.6169,40,-78.3244,40.0447,-65.0635,29.8883,-57.5086,29.8506,-69.2295,MYD13A1.A2016201.h12v05.005,2238293156,https://earthexplorer.usgs.gov/browse/4318/2238293156
20,MYD13A1.A2016201.h11v05.005.2016218023506.hdf,2238290197,2016/07/19,2016/08/03,11,5,Day,5,5.2.20,Passed,No automatic quality assessment is performed in the PGE,Inferred Passed,http://landweb.nascom.nasa.gov/cgi-bin/QA_WWW/detailInfo.cgi?prod_id=MYD13A1&ver=C5.2016-08-06 02:10,0,2016/08/05,2016/08/06,35°03'08.28"N,79°55'26.04"W,40°00'00.00"N,91°22'42.60"W,40°03'14.40"N,78°06'38.16"W,29°53'31.20"N,69°02'12.48"W,29°50'45.24"N,80°45'56.88"W,35.0523,-79.9239,40,-91.3785,40.054,-78.1106,29.892,-69.0368,29.8459,-80.7658,MYD13A1.A2016201.h11v05.005,2238290197,https://earthexplorer.usgs.gov/browse/4318/2238290197
21,MYD13A1.A2016185.h12v05.005.2016202022527.hdf,2236249982,2016/07/03,2016/07/18,12,5,Day,5,5.2.20,Passed,No automatic quality assessment is performed in the PGE,Inferred Passed,http://landweb.nascom.nasa.gov/cgi-bin/QA_WWW/detailInfo.cgi?prod_id=MYD13A1&ver=C5.2016-07-21 02:10,0,2016/07/22,,35°03'01.08"N,67°37'00.84"W,40°00'00.00"N,78°19'27.84"W,40°02'40.92"N,65°03'48.60"W,29°53'17.88"N,57°30'30.96"W,29°51'02.16"N,69°13'46.20"W,35.0503,-67.6169,40,-78.3244,40.0447,-65.0635,29.8883,-57.5086,29.8506,-69.2295,MYD13A1.A2016185.h12v05.005,2236249982,https://earthexplorer.usgs.gov/browse/4318/2236249982
22,MYD13A1.A2016185.h11v05.005.2016202021956.hdf,2236249830,2016/07/03,2016/07/18,11,5,Day,5,5.2.20,Passed,No automatic quality assessment is performed in the PGE,Inferred Passed,http://landweb.nascom.nasa.gov/cgi-bin/QA_WWW/detailInfo.cgi?prod_id=MYD13A1&ver=C5.2016-07-21 02:10,0,2016/07/22,,35°03'08.28"N,79°55'26.04"W,40°00'00.00"N,91°22'42.60"W,40°03'14.40"N,78°06'38.16"W,29°53'31.20"N,69°02'12.48"W,29°50'45.24"N,80°45'56.88"W,35.0523,-79.9239,40,-91.3785,40.054,-78.1106,29.892,-69.0368,29.8459,-80.7658,MYD13A1.A2016185.h11v05.005,2236249830,https://earthexplorer.usgs.gov/browse/4318/2236249830
23,MYD13A1.A2016169.h12v05.005.2016187073550.hdf,2235233802,2016/06/17,2016/07/02,12,5,Day,5,5.2.20,Passed,No automatic quality assessment is performed in the PGE,Inferred Passed,http://landweb.nascom.nasa.gov/cgi-bin/QA_WWW/detailInfo.cgi?prod_id=MYD13A1&ver=C5.2016-07-06 02:11,0,2016/07/13,,35°03'01.08"N,67°37'00.84"W,40°00'00.00"N,78°19'27.84"W,40°02'40.92"N,65°03'48.60"W,29°53'17.88"N,57°30'30.96"W,29°51'02.16"N,69°13'46.20"W,35.0503,-67.6169,40,-78.3244,40.0447,-65.0635,29.8883,-57.5086,29.8506,-69.2295,MYD13A1.A2016169.h12v05.005,2235233802,https://earthexplorer.usgs.gov/browse/4318/2235233802
24,MYD13A1.A2016169.h11v05.005.2016187075002.hdf,2235235801,2016/06/17,2016/07/02,11,5,Day,5,5.2.20,Passed,No automatic quality assessment is performed in the PGE,Inferred Passed,http://landweb.nascom.nasa.gov/cgi-bin/QA_WWW/detailInfo.cgi?prod_id=MYD13A1&ver=C5.2016-07-06 02:12,0,2016/07/13,,35°03'08.28"N,79°55'26.04"W,40°00'00.00"N,91°22'42.60"W,40°03'14.40"N,78°06'38.16"W,29°53'31.20"N,69°02'12.48"W,29°50'45.24"N,80°45'56.88"W,35.0523,-79.9239,40,-91.3785,40.054,-78.1106,29.892,-69.0368,29.8459,-80.7658,MYD13A1.A2016169.h11v05.005,2235235801,https://earthexplorer.usgs.gov/browse/4318/2235235801
25,MYD13A1.A2016153.h11v05.005.2016172212441.hdf,2233858920,2016/06/01,2016/06/16,11,5,Day,5,5.2.20,Passed,No automatic quality assessment is performed in the PGE,Inferred Passed,http://landweb.nascom.nasa.gov/cgi-bin/QA_WWW/detailInfo.cgi?prod_id=MYD13A1&ver=C5.2016-06-21 02:12,0,2016/06/22,,35°03'08.28"N,79°55'26.04"W,40°00'00.00"N,91°22'42.60"W,40°03'14.40"N,78°06'38.16"W,29°53'31.20"N,69°02'12.48"W,29°50'45.24"N,80°45'56.88"W,35.0523,-79.9239,40,-91.3785,40.054,-78.1106,29.892,-69.0368,29.8459,-80.7658,MYD13A1.A2016153.h11v05.005,2233858920,https://earthexplorer.usgs.gov/browse/4318/2233858920
26,MYD13A1.A2016153.h12v05.005.2016172210836.hdf,2233857625,2016/06/01,2016/06/16,12,5,Day,5,5.2.20,Passed,No automatic quality assessment is performed in the PGE,Inferred Passed,http://landweb.nascom.nasa.gov/cgi-bin/QA_WWW/detailInfo.cgi?prod_id=MYD13A1&ver=C5.2016-06-21 02:12,0,2016/06/22,,35°03'01.08"N,67°37'00.84"W,40°00'00.00"N,78°19'27.84"W,40°02'40.92"N,65°03'48.60"W,29°53'17.88"N,57°30'30.96"W,29°51'02.16"N,69°13'46.20"W,35.0503,-67.6169,40,-78.3244,40.0447,-65.0635,29.8883,-57.5086,29.8506,-69.2295,MYD13A1.A2016153.h12v05.005,2233857625,https://earthexplorer.usgs.gov/browse/4318/2233857625
27,MYD13A1.A2016137.h11v05.005.2016159083853.hdf,2232171145,2016/05/16,2016/05/31,11,5,Day,5,5.2.20,Passed,No automatic quality assessment is performed in the PGE,Inferred Passed,http://landweb.nascom.nasa.gov/cgi-bin/QA_WWW/detailInfo.cgi?prod_id=MYD13A1&ver=C5.2016-06-08 02:11,0,2016/06/21,,35°03'08.28"N,79°55'26.04"W,40°00'00.00"N,91°22'42.60"W,40°03'14.40"N,78°06'38.16"W,29°53'31.20"N,69°02'12.48"W,29°50'45.24"N,80°45'56.88"W,35.0523,-79.9239,40,-91.3785,40.054,-78.1106,29.892,-69.0368,29.8459,-80.7658,MYD13A1.A2016137.h11v05.005,2232171145,https://earthexplorer.usgs.gov/browse/4318/2232171145
28,MYD13A1.A2016137.h12v05.005.2016159083008.hdf,2232170553,2016/05/16,2016/05/31,12,5,Day,5,5.2.20,Passed,No automatic quality assessment is performed in the PGE,Inferred Passed,http://landweb.nascom.nasa.gov/cgi-bin/QA_WWW/detailInfo.cgi?prod_id=MYD13A1&ver=C5.2016-06-08 02:11,0,2016/06/21,,35°03'01.08"N,67°37'00.84"W,40°00'00.00"N,78°19'27.84"W,40°02'40.92"N,65°03'48.60"W,29°53'17.88"N,57°30'30.96"W,29°51'02.16"N,69°13'46.20"W,35.0503,-67.6169,40,-78.3244,40.0447,-65.0635,29.8883,-57.5086,29.8506,-69.2295,MYD13A1.A2016137.h12v05.005,2232170553,https://earthexplorer.usgs.gov/browse/4318/2232170553
29,MYD13A1.A2016121.h12v05.005.2016140105317.hdf,2227781847,2016/04/30,2016/05/15,12,5,Day,5,5.2.20,Passed,No automatic quality assessment is performed in the PGE,Inferred Passed,http://landweb.nascom.nasa.gov/cgi-bin/QA_WWW/detailInfo.cgi?prod_id=MYD13A1&ver=C5.2016-05-20 02:11,0,2016/05/26,,35°03'01.08"N,67°37'00.84"W,40°00'00.00"N,78°19'27.84"W,40°02'40.92"N,65°03'48.60"W,29°53'17.88"N,57°30'30.96"W,29°51'02.16"N,69°13'46.20"W,35.0503,-67.6169,40,-78.3244,40.0447,-65.0635,29.8883,-57.5086,29.8506,-69.2295,MYD13A1.A2016121.h12v05.005,2227781847,https://earthexplorer.usgs.gov/browse/4318/2227781847
30,MYD13A1.A2016121.h11v05.005.2016140105938.hdf,2227783483,2016/04/30,2016/05/15,11,5,Day,5,5.2.20,Passed,No automatic quality assessment is performed in the PGE,Inferred Passed,http://landweb.nascom.nasa.gov/cgi-bin/QA_WWW/detailInfo.cgi?prod_id=MYD13A1&ver=C5.2016-05-20 02:11,0,2016/05/26,,35°03'08.28"N,79°55'26.04"W,40°00'00.00"N,91°22'42.60"W,40°03'14.40"N,78°06'38.16"W,29°53'31.20"N,69°02'12.48"W,29°50'45.24"N,80°45'56.88"W,35.0523,-79.9239,40,-91.3785,40.054,-78.1106,29.892,-69.0368,29.8459,-80.7658,MYD13A1.A2016121.h11v05.005,2227783483,https://earthexplorer.usgs.gov/browse/4318/2227783483
31,MYD13A1.A2016105.h12v05.005.2016122022315.hdf,2223164389,2016/04/14,2016/04/29,12,5,Day,5,5.2.20,Passed,No automatic quality assessment is performed in the PGE,Inferred Passed,http://landweb.nascom.nasa.gov/cgi-bin/QA_WWW/detailInfo.cgi?prod_id=MYD13A1&ver=C5.2016-05-02 02:10,0,2016/05/01,2016/05/02,35°03'01.08"N,67°37'00.84"W,40°00'00.00"N,78°19'27.84"W,40°02'40.92"N,65°03'48.60"W,29°53'17.88"N,57°30'30.96"W,29°51'02.16"N,69°13'46.20"W,35.0503,-67.6169,40,-78.3244,40.0447,-65.0635,29.8883,-57.5086,29.8506,-69.2295,MYD13A1.A2016105.h12v05.005,2223164389,https://earthexplorer.usgs.gov/browse/4318/2223164389
32,MYD13A1.A2016105.h11v05.005.2016122022801.hdf,2223167750,2016/04/14,2016/04/29,11,5,Day,5,5.2.20,Passed,No automatic quality assessment is performed in the PGE,Inferred Passed,http://landweb.nascom.nasa.gov/cgi-bin/QA_WWW/detailInfo.cgi?prod_id=MYD13A1&ver=C5.2016-05-02 02:10,0,2016/05/01,2016/05/02,35°03'08.28"N,79°55'26.04"W,40°00'00.00"N,91°22'42.60"W,40°03'14.40"N,78°06'38.16"W,29°53'31.20"N,69°02'12.48"W,29°50'45.24"N,80°45'56.88"W,35.0523,-79.9239,40,-91.3785,40.054,-78.1106,29.892,-69.0368,29.8459,-80.7658,MYD13A1.A2016105.h11v05.005,2223167750,https://earthexplorer.usgs.gov/browse/4318/2223167750
33,MYD13A1.A2016089.h12v05.005.2016109120552.hdf,2219775911,2016/03/29,2016/04/13,12,5,Day,5,5.2.20,Passed,No automatic quality assessment is performed in the PGE,Inferred Passed,http://landweb.nascom.nasa.gov/cgi-bin/QA_WWW/detailInfo.cgi?prod_id=MYD13A1&ver=C5.2016-04-19 02:18,0,2016/04/18,2016/04/19,35°03'01.08"N,67°37'00.84"W,40°00'00.00"N,78°19'27.84"W,40°02'40.92"N,65°03'48.60"W,29°53'17.88"N,57°30'30.96"W,29°51'02.16"N,69°13'46.20"W,35.0503,-67.6169,40,-78.3244,40.0447,-65.0635,29.8883,-57.5086,29.8506,-69.2295,MYD13A1.A2016089.h12v05.005,2219775911,https://earthexplorer.usgs.gov/browse/4318/2219775911
34,MYD13A1.A2016089.h11v05.005.2016109120659.hdf,2219764680,2016/03/29,2016/04/13,11,5,Day,5,5.2.20,Passed,No automatic quality assessment is performed in the PGE,Inferred Passed,http://landweb.nascom.nasa.gov/cgi-bin/QA_WWW/detailInfo.cgi?prod_id=MYD13A1&ver=C5.2016-04-19 02:18,0,2016/04/18,2016/04/19,35°03'08.28"N,79°55'26.04"W,40°00'00.00"N,91°22'42.60"W,40°03'14.40"N,78°06'38.16"W,29°53'31.20"N,69°02'12.48"W,29°50'45.24"N,80°45'56.88"W,35.0523,-79.9239,40,-91.3785,40.054,-78.1106,29.892,-69.0368,29.8459,-80.7658,MYD13A1.A2016089.h11v05.005,2219764680,https://earthexplorer.usgs.gov/browse/4318/2219764680
35,MYD13A1.A2016073.h11v05.005.2016090022622.hdf,2216498808,2016/03/13,2016/03/28,11,5,Day,5,5.2.20,Passed,No automatic quality assessment is performed in the PGE,Inferred Passed,http://landweb.nascom.nasa.gov/cgi-bin/QA_WWW/detailInfo.cgi?prod_id=MYD13A1&ver=C5.2016-03-31 02:12,0,2016/03/30,2016/04/05,35°03'08.28"N,79°55'26.04"W,40°00'00.00"N,91°22'42.60"W,40°03'14.40"N,78°06'38.16"W,29°53'31.20"N,69°02'12.48"W,29°50'45.24"N,80°45'56.88"W,35.0523,-79.9239,40,-91.3785,40.054,-78.1106,29.892,-69.0368,29.8459,-80.7658,MYD13A1.A2016073.h11v05.005,2216498808,https://earthexplorer.usgs.gov/browse/4318/2216498808
36,MYD13A1.A2016073.h12v05.005.2016090023103.hdf,2216499156,2016/03/13,2016/03/28,12,5,Day,5,5.2.20,Passed,No automatic quality assessment is performed in the PGE,Inferred Passed,http://landweb.nascom.nasa.gov/cgi-bin/QA_WWW/detailInfo.cgi?prod_id=MYD13A1&ver=C5.2016-03-31 02:11,0,2016/03/30,2016/04/05,35°03'01.08"N,67°37'00.84"W,40°00'00.00"N,78°19'27.84"W,40°02'40.92"N,65°03'48.60"W,29°53'17.88"N,57°30'30.96"W,29°51'02.16"N,69°13'46.20"W,35.0503,-67.6169,40,-78.3244,40.0447,-65.0635,29.8883,-57.5086,29.8506,-69.2295,MYD13A1.A2016073.h12v05.005,2216499156,https://earthexplorer.usgs.gov/browse/4318/2216499156
37,MYD13A1.A2016057.h11v05.005.2016081100742.hdf,2216061737,2016/02/26,2016/03/12,11,5,Day,5,5.2.20,Passed,No automatic quality assessment is performed in the PGE,Inferred Passed,http://landweb.nascom.nasa.gov/cgi-bin/QA_WWW/detailInfo.cgi?prod_id=MYD13A1&ver=C5.2016-03-22 02:10,0,2016/03/21,2016/03/22,35°03'08.28"N,79°55'26.04"W,40°00'00.00"N,91°22'42.60"W,40°03'14.40"N,78°06'38.16"W,29°53'31.20"N,69°02'12.48"W,29°50'45.24"N,80°45'56.88"W,35.0523,-79.9239,40,-91.3785,40.054,-78.1106,29.892,-69.0368,29.8459,-80.7658,MYD13A1.A2016057.h11v05.005,2216061737,https://earthexplorer.usgs.gov/browse/4318/2216061737
38,MYD13A1.A2016057.h12v05.005.2016081100558.hdf,2216061690,2016/02/26,2016/03/12,12,5,Day,5,5.2.20,Passed,No automatic quality assessment is performed in the PGE,Inferred Passed,http://landweb.nascom.nasa.gov/cgi-bin/QA_WWW/detailInfo.cgi?prod_id=MYD13A1&ver=C5.2016-03-22 02:10,0,2016/03/21,2016/03/22,35°03'01.08"N,67°37'00.84"W,40°00'00.00"N,78°19'27.84"W,40°02'40.92"N,65°03'48.60"W,29°53'17.88"N,57°30'30.96"W,29°51'02.16"N,69°13'46.20"W,35.0503,-67.6169,40,-78.3244,40.0447,-65.0635,29.8883,-57.5086,29.8506,-69.2295,MYD13A1.A2016057.h12v05.005,2216061690,https://earthexplorer.usgs.gov/browse/4318/2216061690
39,MYD13A1.A2016041.h12v05.005.2016058012957.hdf,2214386493,2016/02/10,2016/02/25,12,5,Day,5,5.2.20,Passed,No automatic quality assessment is performed in the PGE,Inferred Passed,http://landweb.nascom.nasa.gov/cgi-bin/QA_WWW/detailInfo.cgi?prod_id=MYD13A1&ver=C5.2016-02-28 02:10,0,2016/02/27,2016/02/28,35°03'01.08"N,67°37'00.84"W,40°00'00.00"N,78°19'27.84"W,40°02'40.92"N,65°03'48.60"W,29°53'17.88"N,57°30'30.96"W,29°51'02.16"N,69°13'46.20"W,35.0503,-67.6169,40,-78.3244,40.0447,-65.0635,29.8883,-57.5086,29.8506,-69.2295,MYD13A1.A2016041.h12v05.005,2214386493,https://earthexplorer.usgs.gov/browse/4318/2214386493
40,MYD13A1.A2016041.h11v05.005.2016058013419.hdf,2214373780,2016/02/10,2016/02/25,11,5,Day,5,5.2.20,Passed,No automatic quality assessment is performed in the PGE,Inferred Passed,http://landweb.nascom.nasa.gov/cgi-bin/QA_WWW/detailInfo.cgi?prod_id=MYD13A1&ver=C5.2016-02-28 02:10,0,2016/02/27,2016/02/28,35°03'08.28"N,79°55'26.04"W,40°00'00.00"N,91°22'42.60"W,40°03'14.40"N,78°06'38.16"W,29°53'31.20"N,69°02'12.48"W,29°50'45.24"N,80°45'56.88"W,35.0523,-79.9239,40,-91.3785,40.054,-78.1106,29.892,-69.0368,29.8459,-80.7658,MYD13A1.A2016041.h11v05.005,2214373780,https://earthexplorer.usgs.gov/browse/4318/2214373780
41,MYD13A1.A2016025.h11v05.005.2016042011646.hdf,2212125315,2016/01/25,2016/02/09,11,5,Day,5,5.2.20,Passed,No automatic quality assessment is performed in the PGE,Inferred Passed,http://landweb.nascom.nasa.gov/cgi-bin/QA_WWW/detailInfo.cgi?prod_id=MYD13A1&ver=C5.2016-02-12 02:10,0,2016/02/11,2016/02/12,35°03'08.28"N,79°55'26.04"W,40°00'00.00"N,91°22'42.60"W,40°03'14.40"N,78°06'38.16"W,29°53'31.20"N,69°02'12.48"W,29°50'45.24"N,80°45'56.88"W,35.0523,-79.9239,40,-91.3785,40.054,-78.1106,29.892,-69.0368,29.8459,-80.7658,MYD13A1.A2016025.h11v05.005,2212125315,https://earthexplorer.usgs.gov/browse/4318/2212125315
42,MYD13A1.A2016025.h12v05.005.2016042011627.hdf,2212127196,2016/01/25,2016/02/09,12,5,Day,5,5.2.20,Passed,No automatic quality assessment is performed in the PGE,Inferred Passed,http://landweb.nascom.nasa.gov/cgi-bin/QA_WWW/detailInfo.cgi?prod_id=MYD13A1&ver=C5.2016-02-12 02:10,0,2016/02/11,2016/02/12,35°03'01.08"N,67°37'00.84"W,40°00'00.00"N,78°19'27.84"W,40°02'40.92"N,65°03'48.60"W,29°53'17.88"N,57°30'30.96"W,29°51'02.16"N,69°13'46.20"W,35.0503,-67.6169,40,-78.3244,40.0447,-65.0635,29.8883,-57.5086,29.8506,-69.2295,MYD13A1.A2016025.h12v05.005,2212127196,https://earthexplorer.usgs.gov/browse/4318/2212127196
43,MYD13A1.A2016009.h11v05.005.2016026074458.hdf,2207274786,2016/01/09,2016/01/24,11,5,Day,5,5.2.20,Passed,No automatic quality assessment is performed in the PGE,Inferred Passed,http://landweb.nascom.nasa.gov/cgi-bin/QA_WWW/detailInfo.cgi?prod_id=MYD13A1&ver=C5.2016-01-27 02:25,0,2016/01/26,2016/01/27,35°03'08.28"N,79°55'26.04"W,40°00'00.00"N,91°22'42.60"W,40°03'14.40"N,78°06'38.16"W,29°53'31.20"N,69°02'12.48"W,29°50'45.24"N,80°45'56.88"W,35.0523,-79.9239,40,-91.3785,40.054,-78.1106,29.892,-69.0368,29.8459,-80.7658,MYD13A1.A2016009.h11v05.005,2207274786,https://earthexplorer.usgs.gov/browse/4318/2207274786
44,MYD13A1.A2016009.h12v05.005.2016026075051.hdf,2207277698,2016/01/09,2016/01/24,12,5,Day,5,5.2.20,Passed,No automatic quality assessment is performed in the PGE,Inferred Passed,http://landweb.nascom.nasa.gov/cgi-bin/QA_WWW/detailInfo.cgi?prod_id=MYD13A1&ver=C5.2016-01-27 02:26,0,2016/01/26,2016/01/27,35°03'01.08"N,67°37'00.84"W,40°00'00.00"N,78°19'27.84"W,40°02'40.92"N,65°03'48.60"W,29°53'17.88"N,57°30'30.96"W,29°51'02.16"N,69°13'46.20"W,35.0503,-67.6169,40,-78.3244,40.0447,-65.0635,29.8883,-57.5086,29.8506,-69.2295,MYD13A1.A2016009.h12v05.005,2207277698,https://earthexplorer.usgs.gov/browse/4318/2207277698
45,MYD13A1.A2015361.h11v05.005.2016013125709.hdf,2206936309,2015/12/27,2016/01/11,11,5,Day,5,5.2.20,Passed,No automatic quality assessment is performed in the PGE,Inferred Passed,http://landweb.nascom.nasa.gov/cgi-bin/QA_WWW/detailInfo.cgi?prod_id=MYD13A1&ver=C5.2016-01-26 02:17,0,2016/01/25,2016/01/26,35°03'08.28"N,79°55'26.04"W,40°00'00.00"N,91°22'42.60"W,40°03'14.40"N,78°06'38.16"W,29°53'31.20"N,69°02'12.48"W,29°50'45.24"N,80°45'56.88"W,35.0523,-79.9239,40,-91.3785,40.054,-78.1106,29.892,-69.0368,29.8459,-80.7658,MYD13A1.A2015361.h11v05.005,2206936309,https://earthexplorer.usgs.gov/browse/4318/2206936309
46,MYD13A1.A2015361.h12v05.005.2016013130650.hdf,2206927374,2015/12/27,2016/01/11,12,5,Day,5,5.2.20,Passed,No automatic quality assessment is performed in the PGE,Inferred Passed,http://landweb.nascom.nasa.gov/cgi-bin/QA_WWW/detailInfo.cgi?prod_id=MYD13A1&ver=C5.2016-01-26 02:16,0,2016/01/25,2016/01/26,35°03'01.08"N,67°37'00.84"W,40°00'00.00"N,78°19'27.84"W,40°02'40.92"N,65°03'48.60"W,29°53'17.88"N,57°30'30.96"W,29°51'02.16"N,69°13'46.20"W,35.0503,-67.6169,40,-78.3244,40.0447,-65.0635,29.8883,-57.5086,29.8506,-69.2295,MYD13A1.A2015361.h12v05.005,2206927374,https://earthexplorer.usgs.gov/browse/4318/2206927374
